theme,evidence,dashboard_use,source_id,source_pages
Rent recovery is stabilizing but uneven,REIT street-rate declines narrowed to -3.9% YoY in Q4 2025; C&W reported asking rents up 1.7% YoY in Q2 2026.,"Executive overview, rent trend panel, MSA heatmap",TRACTIQ_Q4_2025; CW_SSPQ_Q2_2026,3; 5
Occupancy is near an inflection,"TractIQ reported the first YoY REIT occupancy gain since Q4 2021, while C&W national median occupancy was flat at 90.0%.","Occupancy panel, stabilization score",TRACTIQ_Q4_2025; CW_SSPQ_Q2_2026,"3, 6; 21"
"New supply is tapering, but Sun Belt pressure remains","Marcus & Millichap forecasts 53.0M square feet completed in 2026, 25% below the prior year; C&W reports Q1 2026 pipeline totals down 20% YoY, with South holding 35% of projects.","Supply pipeline, region drilldown, pressure-risk flags",MM_NATIONAL_2H_2026; CW_SSPQ_Q2_2026,1-2; 9
Demand is still constrained by household mobility,"Marcus & Millichap ties broader recovery to household mobility, subdued home sales and relocation activity; CubeSmart and EXR annual reports both describe seasonality and moving activity as occupancy drivers.","Demand driver panel, external macro overlay",MM_NATIONAL_2H_2026; CUBESMART_2025_10K; EXR_2025_10K,"1; 9, 34; 18"
Concessions remain an important pricing signal,C&W reports 73.1% of facilities offering concessions in Q2 2026 and a concession cost index of 159.1.,"Pricing power diagnostic, promotions monitor",CW_SSPQ_Q2_2026,21
Consolidation and third-party management are changing competition,Marcus & Millichap reports public companies at 37.3% of rentable square footage but 19.3% of facilities; large REITs expanded managed stores materially through June 2026.,"Competitive structure, operator mix, technology sophistication",MM_NATIONAL_2H_2026; PSA_2025_10K; EXR_2025_10K,3; 25; 18
Transaction market improved from 2024 trough but remains below 2022 peak,"Marcus & Millichap reports transactions and deal volume up nearly 20% and 50% YoY as of June 2026, but trading nearly 30% below the 2022 peak.","Capital markets page, liquidity trend, cap-rate spread panel",MM_NATIONAL_2H_2026,2
Technology and algorithmic pricing raise the competitive bar,"Public Storage describes digital channels, eRental and pricing/search optimization; Marcus & Millichap notes REIT density can make submarket pricing more algorithmic.","Strategic trends, operator capability lens",PSA_2025_10K; MM_NATIONAL_2H_2026,25; 3

