period,source_id,source_file,source_page,operator_scope,unit_benchmark,msa,street_rate_usd,qtq_change_pct,trailing_12m_change_pct
Dec 2025,TRACTIQ_Q4_2025,TRACTIQ_REIT_REPORT_Q4.25.pdf,7,REIT,10x10 non-climate-controlled,Dallas-Fort Worth-Arlington,92.0,-18.38,-7.07
Dec 2025,TRACTIQ_Q4_2025,TRACTIQ_REIT_REPORT_Q4.25.pdf,7,REIT,10x10 non-climate-controlled,New York-Newark-Jersey City,187.0,-8.51,-4.26
Dec 2025,TRACTIQ_Q4_2025,TRACTIQ_REIT_REPORT_Q4.25.pdf,7,REIT,10x10 non-climate-controlled,Houston-The Woodlands-Sugar Land,83.0,-16.85,-18.45
Dec 2025,TRACTIQ_Q4_2025,TRACTIQ_REIT_REPORT_Q4.25.pdf,7,REIT,10x10 non-climate-controlled,Los Angeles-Long Beach-Anaheim,235.0,-9.16,0.36
Dec 2025,TRACTIQ_Q4_2025,TRACTIQ_REIT_REPORT_Q4.25.pdf,7,REIT,10x10 non-climate-controlled,Atlanta-Sandy Springs-Alpharetta,79.0,-14.2,-6.97
Dec 2025,TRACTIQ_Q4_2025,TRACTIQ_REIT_REPORT_Q4.25.pdf,7,REIT,10x10 non-climate-controlled,Chicago-Naperville-Elgin,121.0,-16.59,-5.59
Dec 2025,TRACTIQ_Q4_2025,TRACTIQ_REIT_REPORT_Q4.25.pdf,7,REIT,10x10 non-climate-controlled,Miami-Fort Lauderdale-Pompano Beach,162.0,-7.65,-7.82
Dec 2025,TRACTIQ_Q4_2025,TRACTIQ_REIT_REPORT_Q4.25.pdf,7,REIT,10x10 non-climate-controlled,Washington-Arlington-Alexandria,170.0,-17.68,2.48
Dec 2025,TRACTIQ_Q4_2025,TRACTIQ_REIT_REPORT_Q4.25.pdf,7,REIT,10x10 non-climate-controlled,Phoenix-Mesa-Chandler,100.0,-2.89,-7.67
Dec 2025,TRACTIQ_Q4_2025,TRACTIQ_REIT_REPORT_Q4.25.pdf,7,REIT,10x10 non-climate-controlled,Philadelphia-Camden-Wilmington,116.0,-13.93,-4.53
Dec 2025,TRACTIQ_Q4_2025,TRACTIQ_REIT_REPORT_Q4.25.pdf,7,REIT,10x10 non-climate-controlled,Tampa-St. Petersburg-Clearwater,111.0,-13.93,-21.23
Dec 2025,TRACTIQ_Q4_2025,TRACTIQ_REIT_REPORT_Q4.25.pdf,7,REIT,10x10 non-climate-controlled,Orlando-Kissimmee-Sanford,98.0,-15.96,-12.01
Dec 2025,TRACTIQ_Q4_2025,TRACTIQ_REIT_REPORT_Q4.25.pdf,7,REIT,10x10 non-climate-controlled,Boston-Cambridge-Newton,159.0,-12.32,8.05
Dec 2025,TRACTIQ_Q4_2025,TRACTIQ_REIT_REPORT_Q4.25.pdf,7,REIT,10x10 non-climate-controlled,Austin-Round Rock-Georgetown,92.0,-12.15,1.85
Dec 2025,TRACTIQ_Q4_2025,TRACTIQ_REIT_REPORT_Q4.25.pdf,7,REIT,10x10 non-climate-controlled,Denver-Aurora-Lakewood,119.0,-16.6,-8.95
Dec 2025,TRACTIQ_Q4_2025,TRACTIQ_REIT_REPORT_Q4.25.pdf,7,REIT,10x10 non-climate-controlled,San Antonio-New Braunfels,80.0,-11.56,-13.79
Dec 2025,TRACTIQ_Q4_2025,TRACTIQ_REIT_REPORT_Q4.25.pdf,7,REIT,10x10 non-climate-controlled,Baltimore-Columbia-Towson,121.0,-12.31,3.31
Dec 2025,TRACTIQ_Q4_2025,TRACTIQ_REIT_REPORT_Q4.25.pdf,7,REIT,10x10 non-climate-controlled,San Francisco-Oakland-Berkeley,226.0,-9.62,-3.88
Dec 2025,TRACTIQ_Q4_2025,TRACTIQ_REIT_REPORT_Q4.25.pdf,7,REIT,10x10 non-climate-controlled,Las Vegas-Henderson-Paradise,128.0,-9.54,-0.72
Dec 2025,TRACTIQ_Q4_2025,TRACTIQ_REIT_REPORT_Q4.25.pdf,7,REIT,10x10 non-climate-controlled,Seattle-Tacoma-Bellevue,142.0,-15.73,-14.85
Dec 2025,TRACTIQ_Q4_2025,TRACTIQ_REIT_REPORT_Q4.25.pdf,7,REIT,10x10 non-climate-controlled,Charlotte-Concord-Gastonia,79.0,-13.67,-24.61
Dec 2025,TRACTIQ_Q4_2025,TRACTIQ_REIT_REPORT_Q4.25.pdf,7,REIT,10x10 non-climate-controlled,Riverside-San Bernardino-Ontario,149.0,-5.24,3.84
Dec 2025,TRACTIQ_Q4_2025,TRACTIQ_REIT_REPORT_Q4.25.pdf,7,REIT,10x10 non-climate-controlled,Minneapolis-St. Paul-Bloomington,96.0,-19.06,-0.22
Dec 2025,TRACTIQ_Q4_2025,TRACTIQ_REIT_REPORT_Q4.25.pdf,7,REIT,10x10 non-climate-controlled,Columbus,90.0,-17.29,3.72
Dec 2025,TRACTIQ_Q4_2025,TRACTIQ_REIT_REPORT_Q4.25.pdf,7,REIT,10x10 non-climate-controlled,Indianapolis-Carmel-Anderson,89.0,-9.91,2.62
Dec 2025,TRACTIQ_Q4_2025,TRACTIQ_REIT_REPORT_Q4.25.pdf,7,REIT,10x10 non-climate-controlled,Detroit-Warren-Dearborn,112.0,-13.63,-13.44
Dec 2025,TRACTIQ_Q4_2025,TRACTIQ_REIT_REPORT_Q4.25.pdf,7,REIT,10x10 non-climate-controlled,Sacramento-Roseville-Folsom,130.0,-7.07,-4.61
Dec 2025,TRACTIQ_Q4_2025,TRACTIQ_REIT_REPORT_Q4.25.pdf,7,REIT,10x10 non-climate-controlled,St. Louis,98.0,-12.58,2.75
Dec 2025,TRACTIQ_Q4_2025,TRACTIQ_REIT_REPORT_Q4.25.pdf,7,REIT,10x10 non-climate-controlled,Portland-Vancouver-Hillsboro,142.0,-9.18,-6.71
Dec 2025,TRACTIQ_Q4_2025,TRACTIQ_REIT_REPORT_Q4.25.pdf,7,REIT,10x10 non-climate-controlled,Nashville-Davidson--Murfreesboro--Franklin,119.0,-11.73,-0.38
Dec 2025,TRACTIQ_Q4_2025,TRACTIQ_REIT_REPORT_Q4.25.pdf,7,REIT,10x10 non-climate-controlled,North Port-Sarasota-Bradenton,90.0,-10.58,-25.91
Dec 2025,TRACTIQ_Q4_2025,TRACTIQ_REIT_REPORT_Q4.25.pdf,7,REIT,10x10 non-climate-controlled,Jacksonville,122.0,-0.7,-6.4
Dec 2025,TRACTIQ_Q4_2025,TRACTIQ_REIT_REPORT_Q4.25.pdf,7,REIT,10x10 non-climate-controlled,San Diego-Chula Vista-Carlsbad,192.0,-10.16,-2.52
Dec 2025,TRACTIQ_Q4_2025,TRACTIQ_REIT_REPORT_Q4.25.pdf,7,REIT,10x10 non-climate-controlled,Oklahoma City,65.0,-24.29,-17.16
Dec 2025,TRACTIQ_Q4_2025,TRACTIQ_REIT_REPORT_Q4.25.pdf,7,REIT,10x10 non-climate-controlled,San Jose-Sunnyvale-Santa Clara,207.0,-10.02,0.05
Dec 2025,TRACTIQ_Q4_2025,TRACTIQ_REIT_REPORT_Q4.25.pdf,7,REIT,10x10 non-climate-controlled,Raleigh-Cary,102.0,-15.63,-4.25
Dec 2025,TRACTIQ_Q4_2025,TRACTIQ_REIT_REPORT_Q4.25.pdf,7,REIT,10x10 non-climate-controlled,Virginia Beach-Norfolk-Newport News,108.0,-13.9,-8.32
Dec 2025,TRACTIQ_Q4_2025,TRACTIQ_REIT_REPORT_Q4.25.pdf,7,REIT,10x10 non-climate-controlled,Memphis,62.0,-18.6,-10.66
Dec 2025,TRACTIQ_Q4_2025,TRACTIQ_REIT_REPORT_Q4.25.pdf,7,REIT,10x10 non-climate-controlled,Charleston-North Charleston,93.0,-12.26,-13.61
Dec 2025,TRACTIQ_Q4_2025,TRACTIQ_REIT_REPORT_Q4.25.pdf,7,REIT,10x10 non-climate-controlled,Kansas City,83.0,-23.62,-18.73
Dec 2025,TRACTIQ_Q4_2025,TRACTIQ_REIT_REPORT_Q4.25.pdf,7,REIT,10x10 non-climate-controlled,Louisville/Jefferson County,88.0,-2.6,4.93
Dec 2025,TRACTIQ_Q4_2025,TRACTIQ_REIT_REPORT_Q4.25.pdf,7,REIT,10x10 non-climate-controlled,Cape Coral-Fort Myers,91.0,6.85,-14.52
Dec 2025,TRACTIQ_Q4_2025,TRACTIQ_REIT_REPORT_Q4.25.pdf,7,REIT,10x10 non-climate-controlled,Hartford-East Hartford-Middletown,123.0,-13.81,3.96
Dec 2025,TRACTIQ_Q4_2025,TRACTIQ_REIT_REPORT_Q4.25.pdf,7,REIT,10x10 non-climate-controlled,Cincinnati,95.0,-8.15,0.78
Dec 2025,TRACTIQ_Q4_2025,TRACTIQ_REIT_REPORT_Q4.25.pdf,7,REIT,10x10 non-climate-controlled,Providence-Warwick,142.0,-7.99,5.85
Dec 2025,TRACTIQ_Q4_2025,TRACTIQ_REIT_REPORT_Q4.25.pdf,7,REIT,10x10 non-climate-controlled,Richmond,117.0,-10.69,10.19
Dec 2025,TRACTIQ_Q4_2025,TRACTIQ_REIT_REPORT_Q4.25.pdf,7,REIT,10x10 non-climate-controlled,Columbia,70.0,-11.43,-16.88
Dec 2025,TRACTIQ_Q4_2025,TRACTIQ_REIT_REPORT_Q4.25.pdf,7,REIT,10x10 non-climate-controlled,Salt Lake City,104.0,-9.63,-8.28
Dec 2025,TRACTIQ_Q4_2025,TRACTIQ_REIT_REPORT_Q4.25.pdf,7,REIT,10x10 non-climate-controlled,New Orleans-Metairie,102.0,-11.7,2.31
Dec 2025,TRACTIQ_Q4_2025,TRACTIQ_REIT_REPORT_Q4.25.pdf,7,REIT,10x10 non-climate-controlled,Colorado Springs,99.0,-16.88,4.42
Dec 2025,TRACTIQ_Q4_2025,TRACTIQ_REIT_REPORT_Q4.25.pdf,8,REIT,10x10 climate-controlled,Dallas-Fort Worth-Arlington,106.0,-21.62,-8.19
Dec 2025,TRACTIQ_Q4_2025,TRACTIQ_REIT_REPORT_Q4.25.pdf,8,REIT,10x10 climate-controlled,New York-Newark-Jersey City,220.0,-8.98,-4.79
Dec 2025,TRACTIQ_Q4_2025,TRACTIQ_REIT_REPORT_Q4.25.pdf,8,REIT,10x10 climate-controlled,Houston-The Woodlands-Sugar Land,108.0,-17.17,-14.11
Dec 2025,TRACTIQ_Q4_2025,TRACTIQ_REIT_REPORT_Q4.25.pdf,8,REIT,10x10 climate-controlled,Los Angeles-Long Beach-Anaheim,244.0,-5.45,4.66
Dec 2025,TRACTIQ_Q4_2025,TRACTIQ_REIT_REPORT_Q4.25.pdf,8,REIT,10x10 climate-controlled,Atlanta-Sandy Springs-Alpharetta,103.0,-11.97,-0.21
Dec 2025,TRACTIQ_Q4_2025,TRACTIQ_REIT_REPORT_Q4.25.pdf,8,REIT,10x10 climate-controlled,Chicago-Naperville-Elgin,146.0,-11.34,2.46
Dec 2025,TRACTIQ_Q4_2025,TRACTIQ_REIT_REPORT_Q4.25.pdf,8,REIT,10x10 climate-controlled,Miami-Fort Lauderdale-Pompano Beach,191.0,-9.88,-6.06
Dec 2025,TRACTIQ_Q4_2025,TRACTIQ_REIT_REPORT_Q4.25.pdf,8,REIT,10x10 climate-controlled,Washington-Arlington-Alexandria,191.0,-16.85,4.1
Dec 2025,TRACTIQ_Q4_2025,TRACTIQ_REIT_REPORT_Q4.25.pdf,8,REIT,10x10 climate-controlled,Phoenix-Mesa-Chandler,124.0,-8.5,-2.34
Dec 2025,TRACTIQ_Q4_2025,TRACTIQ_REIT_REPORT_Q4.25.pdf,8,REIT,10x10 climate-controlled,Philadelphia-Camden-Wilmington,130.0,-10.7,2.74
Dec 2025,TRACTIQ_Q4_2025,TRACTIQ_REIT_REPORT_Q4.25.pdf,8,REIT,10x10 climate-controlled,Tampa-St. Petersburg-Clearwater,144.0,-16.67,-20.74
Dec 2025,TRACTIQ_Q4_2025,TRACTIQ_REIT_REPORT_Q4.25.pdf,8,REIT,10x10 climate-controlled,Orlando-Kissimmee-Sanford,132.0,-14.79,-7.93
Dec 2025,TRACTIQ_Q4_2025,TRACTIQ_REIT_REPORT_Q4.25.pdf,8,REIT,10x10 climate-controlled,Boston-Cambridge-Newton,181.0,-15.0,8.75
Dec 2025,TRACTIQ_Q4_2025,TRACTIQ_REIT_REPORT_Q4.25.pdf,8,REIT,10x10 climate-controlled,Austin-Round Rock-Georgetown,114.0,-18.1,3.76
Dec 2025,TRACTIQ_Q4_2025,TRACTIQ_REIT_REPORT_Q4.25.pdf,8,REIT,10x10 climate-controlled,Denver-Aurora-Lakewood,125.0,-19.32,-7.6
Dec 2025,TRACTIQ_Q4_2025,TRACTIQ_REIT_REPORT_Q4.25.pdf,8,REIT,10x10 climate-controlled,San Antonio-New Braunfels,94.0,-17.03,-18.35
Dec 2025,TRACTIQ_Q4_2025,TRACTIQ_REIT_REPORT_Q4.25.pdf,8,REIT,10x10 climate-controlled,Baltimore-Columbia-Towson,123.0,-21.3,-7.8
Dec 2025,TRACTIQ_Q4_2025,TRACTIQ_REIT_REPORT_Q4.25.pdf,8,REIT,10x10 climate-controlled,San Francisco-Oakland-Berkeley,224.0,-9.96,-10.08
Dec 2025,TRACTIQ_Q4_2025,TRACTIQ_REIT_REPORT_Q4.25.pdf,8,REIT,10x10 climate-controlled,Las Vegas-Henderson-Paradise,113.0,-11.96,-4.98
Dec 2025,TRACTIQ_Q4_2025,TRACTIQ_REIT_REPORT_Q4.25.pdf,8,REIT,10x10 climate-controlled,Seattle-Tacoma-Bellevue,162.0,-11.57,-6.66
Dec 2025,TRACTIQ_Q4_2025,TRACTIQ_REIT_REPORT_Q4.25.pdf,8,REIT,10x10 climate-controlled,Charlotte-Concord-Gastonia,103.0,-15.26,-17.39
Dec 2025,TRACTIQ_Q4_2025,TRACTIQ_REIT_REPORT_Q4.25.pdf,8,REIT,10x10 climate-controlled,Riverside-San Bernardino-Ontario,188.0,-6.23,7.56
Dec 2025,TRACTIQ_Q4_2025,TRACTIQ_REIT_REPORT_Q4.25.pdf,8,REIT,10x10 climate-controlled,Minneapolis-St. Paul-Bloomington,120.0,-14.37,8.45
Dec 2025,TRACTIQ_Q4_2025,TRACTIQ_REIT_REPORT_Q4.25.pdf,8,REIT,10x10 climate-controlled,Columbus,118.0,-13.25,8.54
Dec 2025,TRACTIQ_Q4_2025,TRACTIQ_REIT_REPORT_Q4.25.pdf,8,REIT,10x10 climate-controlled,Indianapolis-Carmel-Anderson,109.0,-11.31,3.54
Dec 2025,TRACTIQ_Q4_2025,TRACTIQ_REIT_REPORT_Q4.25.pdf,8,REIT,10x10 climate-controlled,Detroit-Warren-Dearborn,122.0,-22.59,-11.99
Dec 2025,TRACTIQ_Q4_2025,TRACTIQ_REIT_REPORT_Q4.25.pdf,8,REIT,10x10 climate-controlled,Sacramento-Roseville-Folsom,142.0,-9.86,-4.33
Dec 2025,TRACTIQ_Q4_2025,TRACTIQ_REIT_REPORT_Q4.25.pdf,8,REIT,10x10 climate-controlled,St. Louis,113.0,-12.3,13.35
Dec 2025,TRACTIQ_Q4_2025,TRACTIQ_REIT_REPORT_Q4.25.pdf,8,REIT,10x10 climate-controlled,Portland-Vancouver-Hillsboro,144.0,-8.26,4.71
Dec 2025,TRACTIQ_Q4_2025,TRACTIQ_REIT_REPORT_Q4.25.pdf,8,REIT,10x10 climate-controlled,Nashville-Davidson--Murfreesboro--Franklin,143.0,-18.32,-1.54
Dec 2025,TRACTIQ_Q4_2025,TRACTIQ_REIT_REPORT_Q4.25.pdf,8,REIT,10x10 climate-controlled,North Port-Sarasota-Bradenton,107.0,-9.77,-26.08
Dec 2025,TRACTIQ_Q4_2025,TRACTIQ_REIT_REPORT_Q4.25.pdf,8,REIT,10x10 climate-controlled,Jacksonville,153.0,-2.25,-6.53
Dec 2025,TRACTIQ_Q4_2025,TRACTIQ_REIT_REPORT_Q4.25.pdf,8,REIT,10x10 climate-controlled,San Diego-Chula Vista-Carlsbad,203.0,-13.89,-3.58
Dec 2025,TRACTIQ_Q4_2025,TRACTIQ_REIT_REPORT_Q4.25.pdf,8,REIT,10x10 climate-controlled,Oklahoma City,88.0,-22.04,-12.46
Dec 2025,TRACTIQ_Q4_2025,TRACTIQ_REIT_REPORT_Q4.25.pdf,8,REIT,10x10 climate-controlled,San Jose-Sunnyvale-Santa Clara,197.0,-5.97,-2.05
Dec 2025,TRACTIQ_Q4_2025,TRACTIQ_REIT_REPORT_Q4.25.pdf,8,REIT,10x10 climate-controlled,Raleigh-Cary,117.0,-12.82,-8.71
Dec 2025,TRACTIQ_Q4_2025,TRACTIQ_REIT_REPORT_Q4.25.pdf,8,REIT,10x10 climate-controlled,Virginia Beach-Norfolk-Newport News,128.0,-17.25,-4.2
Dec 2025,TRACTIQ_Q4_2025,TRACTIQ_REIT_REPORT_Q4.25.pdf,8,REIT,10x10 climate-controlled,Memphis,91.0,-24.51,0.01
Dec 2025,TRACTIQ_Q4_2025,TRACTIQ_REIT_REPORT_Q4.25.pdf,8,REIT,10x10 climate-controlled,Charleston-North Charleston,126.0,-12.54,-6.51
Dec 2025,TRACTIQ_Q4_2025,TRACTIQ_REIT_REPORT_Q4.25.pdf,8,REIT,10x10 climate-controlled,Kansas City,91.0,-16.94,-7.49
Dec 2025,TRACTIQ_Q4_2025,TRACTIQ_REIT_REPORT_Q4.25.pdf,8,REIT,10x10 climate-controlled,Louisville/Jefferson County,111.0,-4.7,10.77
Dec 2025,TRACTIQ_Q4_2025,TRACTIQ_REIT_REPORT_Q4.25.pdf,8,REIT,10x10 climate-controlled,Cape Coral-Fort Myers,90.0,-12.39,-26.12
Dec 2025,TRACTIQ_Q4_2025,TRACTIQ_REIT_REPORT_Q4.25.pdf,8,REIT,10x10 climate-controlled,Hartford-East Hartford-Middletown,163.0,-13.76,6.45
Dec 2025,TRACTIQ_Q4_2025,TRACTIQ_REIT_REPORT_Q4.25.pdf,8,REIT,10x10 climate-controlled,Cincinnati,96.0,-12.97,-11.96
Dec 2025,TRACTIQ_Q4_2025,TRACTIQ_REIT_REPORT_Q4.25.pdf,8,REIT,10x10 climate-controlled,Providence-Warwick,131.0,-13.89,-12.23
Dec 2025,TRACTIQ_Q4_2025,TRACTIQ_REIT_REPORT_Q4.25.pdf,8,REIT,10x10 climate-controlled,Richmond,144.0,-14.84,10.19
Dec 2025,TRACTIQ_Q4_2025,TRACTIQ_REIT_REPORT_Q4.25.pdf,8,REIT,10x10 climate-controlled,Columbia,86.0,-19.45,-17.77
Dec 2025,TRACTIQ_Q4_2025,TRACTIQ_REIT_REPORT_Q4.25.pdf,8,REIT,10x10 climate-controlled,Salt Lake City,126.0,-1.18,9.35
Dec 2025,TRACTIQ_Q4_2025,TRACTIQ_REIT_REPORT_Q4.25.pdf,8,REIT,10x10 climate-controlled,New Orleans-Metairie,122.0,-16.16,-5.59
Dec 2025,TRACTIQ_Q4_2025,TRACTIQ_REIT_REPORT_Q4.25.pdf,8,REIT,10x10 climate-controlled,Colorado Springs,104.0,-15.2,-8.5

